{"cameraMode":{"drawMode":0,"name":"Shaded","section":"Shading Mode"},"sceneLighting":true,"audioPlay":false,"sceneViewState":{"m_AlwaysRefresh":false,"showFog":true,"showSkybox":true,"showFlares":true,"showImageEffects":true,"showParticleSystems":true,"showVisualEffectGraphs":true,"m_FxEnabled":true},"in2DMode":false,"pivot":{"x":-24.06016731262207,"y":18.468896865844728,"z":-24.994693756103517},"rotation":{"x":0.24658764898777009,"y":0.38949596881866457,"z":-0.10905139148235321,"w":0.8806922435760498},"size":13.617753982543946,"orthographic":true}